{
    "description": "Gate",
    "component": "com.sap.system.python3Operator",
    "inports": [
        {
            "name": "limit",
            "type": "int64",
            "description": "Limit"
        },
        {
            "name": "attributes",
            "type": "message",
            "description": "Message with attributes to used"
        },
        {
            "name": "data",
            "type": "message.*",
            "description": "Input data"
        }
    ],
    "outports": [
        {
            "name": "log",
            "type": "string",
            "description": "Logging data"
        },
        {
            "name": "trigger",
            "type": "string",
            "description": "Trigger next process step"
        },
        {
            "name": "data",
            "type": "message",
            "description": "Output of unchanged last input data"
        }
    ],
    "config": {
        "$type": "http://sap.com/vflow/sdi_utils_operators.gate.configSchema.json",
        "script": "file://gate.py",
        "debug_mode": true,
        "limit": 3,
        "sleep": 0,
        "attribute": "storage.fileCount"
    },
    "tags": {
        "pandas": "",
        "sdi_utils": ""
    },
    "iconsrc": "gate.svg"
}