{
    "description": "Filter date string",
    "component": "com.sap.system.python3Operator",
    "inports": [
        {
            "name": "input",
            "type": "message.file",
            "description": "Filename"
        }
    ],
    "outports": [
        {
            "name": "log",
            "type": "string",
            "description": "Logging data"
        },
        {
            "name": "numfiles",
            "type": "int64",
            "description": "Number of files"
        },
        {
            "name": "output",
            "type": "message.file",
            "description": "Filename"
        }
    ],
    "config": {
        "$type": "http://sap.com/vflow/sdi_utils_operators.filter_today.configSchema.json",
        "script": "file://filter_date.py",
        "debug_mode": true,
        "start_date": "2020-02-01",
        "end_date": "2020-03-31"
    },
    "tags": {
        "sdi_utils": ""
    },
    "iconsrc": "filter_date.svg"
}