{
    "description": "dict to csv",
    "component": "com.sap.system.python3Operator",
    "inports": [
        {
            "name": "dict",
            "type": "message",
            "description": "Input dict"
        }
    ],
    "outports": [
        {
            "name": "log",
            "type": "string",
            "description": "Logging data"
        },
        {
            "name": "csv",
            "type": "message.file",
            "description": "Output csv string"
        },
        {
            "name": "error",
            "type": "message",
            "description": "Error status"
        }
    ],
    "config": {
        "$type": "http://sap.com/vflow/sdi_utils_operators.repl_dict_csv.configSchema.json",
        "script": "file://repl_dict_csv.py",
        "debug_mode": true,
        "separator": ",",
        "bool_to_int": true,
        "drop_replication_cols": true,
        "drop_header": true
    },
    "tags": {
        "sdi_utils": ""
    },
    "iconsrc": "repl_dict_csv.svg"
}