{
    "$schema": "http://json-schema.org/draft-06/schema#",
    "$id": "http://sap.com/vflow/sdi_utils_operators.dict_df.configSchema.json",
    "type": "object",
    "properties": {
        "codelanguage": {
            "type": "string"
        },
        "script": {
            "type": "string"
        },
        "debug_mode": {
            "title": "Debug mode",
            "description": "Sending debug level information to log port",
            "type": "boolean"
        },
        "rename": {
            "title": "Rename columns",
            "description": "Rename columns by provided map",
            "type": "string"
        },
        "send_empty": {
            "title": "Send empty Dataframe to 'outport'.",
            "description": "Send empty Dataframe to outport or status to 'error port'.",
            "type": "boolean"
        }
    }
}