{
    "description": "dict to df",
    "component": "com.sap.system.python3Operator",
    "inports": [
        {
            "name": "dict",
            "type": "message",
            "description": "Input dict"
        }
    ],
    "outports": [
        {
            "name": "log",
            "type": "string",
            "description": "Logging data"
        },
        {
            "name": "df",
            "type": "message.DataFrame",
            "description": "Output df"
        },
        {
            "name": "error",
            "type": "message",
            "description": "Error status"
        }
    ],
    "config": {
        "$type": "http://sap.com/vflow/sdi_utils_operators.dict_df.configSchema.json",
        "script": "file://dict_df.py",
        "debug_mode": true,
        "rename": "None",
        "send_empty": true
    },
    "tags": {
        "sdi_utils": "",
        "pandas": ""
    },
    "iconsrc": "dict_df.svg"
}