{
    "$schema": "http://json-schema.org/draft-06/schema#",
    "$id": "http://sap.com/vflow/sdi_utils_operators.df_table.configSchema.json",
    "type": "object",
    "properties": {
        "codelanguage": {
            "type": "string"
        },
        "script": {
            "type": "string"
        },
        "debug_mode": {
            "title": "Debug mode",
            "description": "Sending debug level information to log port",
            "type": "boolean"
        },
        "reset_index": {
            "title": "Reset Index",
            "description": "Reset index or indices",
            "type": "boolean"
        },
        "table_name": {
            "title": "Table Name",
            "description": "Table name of DB",
            "type": "string"
        }
    }
}