{
    "description": "csv stream to table",
    "component": "com.sap.system.python3Operator",
    "inports": [
        {
            "name": "stream",
            "type": "message",
            "description": "Input csv byte or string"
        }
    ],
    "outports": [
        {
            "name": "log",
            "type": "string",
            "description": "Logging data"
        },
        {
            "name": "data",
            "type": "message.table",
            "description": "Output data as table"
        }
    ],
    "config": {
        "$type": "http://sap.com/vflow/sdi_utils_operators.table.csv_to_table.configSchema.json",
        "script": "file://csv_to_table.py",
        "debug_mode": true,
        "collect": false,
        "has_header": true,
        "separator": ","
    },
    "tags": {
        "sdi_utils": ""
    },
    "iconsrc": "csv_table.svg"
}