{
    "description": "Parse Logs",
    "component": "com.sap.system.python3Operator",
    "inports": [
        {
            "name": "log",
            "type": "string",
            "description": "Input log statements"
        }
    ],
    "outports": [
        {
            "name": "log",
            "type": "string",
            "description": "Output of unchanged log statements"
        },
        {
            "name": "string_string",
            "type": "string",
            "description": "Control string"
        },
        {
            "name": "index",
            "type": "int64",
            "description": "Control index"
        }
    ],
    "config": {
        "$type": "http://sap.com/vflow/sdi_utils_operators.parseLog.configSchema.json",
        "script": "file://parseLog.py",
        "debug_mode": true,
        "marker_map": "operator_name1: keyword1 ; operator_name2: keyword2",
        "sleep": 5,
        "separator": ";"
    },
    "tags": {
        "pandas": "",
        "sdi_utils": ""
    },
    "iconsrc": "parselog.svg"
}