{
    "description": "Gate2",
    "component": "com.sap.system.python3Operator",
    "inports": [
        {
            "name": "input",
            "type": "message.*",
            "description": "Input data"
        }
    ],
    "outports": [
        {
            "name": "log",
            "type": "string",
            "description": "Logging data"
        },
        {
            "name": "passed",
            "type": "message.*",
            "description": "Passed message"
        },
        {
            "name": "Notpassed",
            "type": "message.*",
            "description": "Not passed messge"
        }
    ],
    "config": {
        "$type": "http://sap.com/vflow/sdi_utils_operators.gate2.configSchema.json",
        "script": "file://gate2.py",
        "debug_mode": true,
        "last_attribute": "message.lastBatch"
    },
    "tags": {
        "pandas": "",
        "sdi_utils": ""
    },
    "iconsrc": "gate.svg"
}