{
    "$schema": "http://json-schema.org/draft-06/schema#",
    "$id": "http://sap.com/vflow/sdi_utils_operators.csv_table.configSchema.json",
    "type": "object",
    "properties": {
        "codelanguage": {
            "type": "string"
        },
        "script": {
            "type": "string"
        },
        "debug_mode": {
            "title": "Debug mode",
            "description": "Sending debug level information to log port",
            "type": "boolean"
        },
        "collect": {
            "title": "Collect data",
            "description": "Collect data before sending it to the output port",
            "type": "boolean"
        },
        "has_header": {
            "title": "Has_header",
            "description": "If csv-file has a header.",
            "type": "boolean"
        },
        "separator": {
            "title": "Separator",
            "description": "Separator",
            "type": "string"
        }
    }
}