{
    "description": "Filter today string",
    "component": "com.sap.system.python3Operator",
    "inports": [
        {
            "name": "input",
            "type": "message",
            "description": "List of filenames"
        }
    ],
    "outports": [
        {
            "name": "log",
            "type": "string",
            "description": "Logging data"
        },
        {
            "name": "numfiles",
            "type": "int64",
            "description": "Number of files"
        },
        {
            "name": "output",
            "type": "message",
            "description": "Filename"
        }
    ],
    "config": {
        "$type": "http://sap.com/vflow/sdi_utils_operators.filter_today.configSchema.json",
        "script": "file://filter_today.py",
        "debug_mode": true
    },
    "tags": {
        "sdi_utils": ""
    },
    "iconsrc": "filter_today.svg"
}