{
    "description": "csv stream to dict",
    "component": "com.sap.system.python3Operator",
    "inports": [
        {
            "name": "stream",
            "type": "message",
            "description": "Input csv byte or string"
        }
    ],
    "outports": [
        {
            "name": "log",
            "type": "string",
            "description": "Logging data"
        },
        {
            "name": "data",
            "type": "message.dicts",
            "description": "Output data as list of dictionaries"
        }
    ],
    "config": {
        "$type": "http://sap.com/vflow/sdi_utils_operators.csv_dict.configSchema.json",
        "script": "file://csv_dict.py",
        "debug_mode": true,
        "collect": true,
        "separator": ";",
        "column_dict": "key_col_header:value_col_header"
    },
    "tags": {
        "sdi_utils": ""
    },
    "iconsrc": "csvdict.svg"
}