{
    "$schema": "http://json-schema.org/draft-06/schema#",
    "$id": "http://sap.com/vflow/sdi_utils_operators.table.pivotize.configSchema.json",
    "type": "object",
    "properties": {
        "codelanguage": {
            "type": "string"
        },
        "script": {
            "type": "string"
        },
        "debug_mode": {
            "title": "Debug mode",
            "description": "Sending debug level information to log port",
            "type": "boolean"
        },
        "ref_col_index": {
            "title": "Reference column index",
            "description": "Reference column index",
            "type": "integer"
        },
        "pivot_cols_index": {
            "title": "Pivot columns index list",
            "description": "Pivot columns index list",
            "type": "string"
        },
        "pivot_column_name": {
            "title": "New Colum Name",
            "description": "New Colum Name",
            "type": "string"
        }
    }
}