{
    "description": "Pivotize table",
    "component": "com.sap.system.python3Operator",
    "inports": [
        {
            "name": "topic",
            "type": "message.table",
            "description": "Message with body as table."
        }
    ],
    "outports": [
        {
            "name": "log",
            "type": "string",
            "description": "Logging data"
        },
        {
            "name": "table",
            "type": "message",
            "description": "Message with pivotized table"
        }
    ],
    "config": {
        "$type": "http://sap.com/vflow/sdi_utils_operators.table.pivotize.configSchema.json",
        "script": "file://pivotize.py",
        "debug_mode": true,
        "ref_col_index": 0,
        "pivot_cols_index": "2, 3",
        "pivot_column_name": "PIVOT_COLUMN"
    },
    "tags": {
        "sdi_utils": ""
    },
    "iconsrc": "pivotize.svg"
}