{
    "$schema": "http://json-schema.org/draft-06/schema#",
    "$id": "http://sap.com/vflow/sdi_utils_operators.filter_date.configSchema.json",
    "type": "object",
    "properties": {
        "codelanguage": {
            "type": "string"
        },
        "script": {
            "type": "string"
        },
        "debug_mode": {
            "title": "Debug mode",
            "description": "Sending debug level information to log port",
            "type": "boolean"
        },
        "start_date": {
            "title": "Start Date",
            "description": "Start date. If value is none then today date is taken. Format:YYYY-MM-DD",
            "type": "string"
        },
        "end_date": {
            "title": "End Date",
            "description": "End date. If value is none then today date is taken. Format:YYYY-MM-DD",
            "type": "string"
        }
    }
}