{
    "$schema": "http://json-schema.org/draft-06/schema#",
    "$id": "http://sap.com/vflow/sdi_utils_operators.df_csv.configSchema.json",
    "type": "object",
    "properties": {
        "codelanguage": {
            "type": "string"
        },
        "script": {
            "type": "string"
        },
        "debug_mode": {
            "title": "Debug mode",
            "description": "Sending debug level information to log port",
            "type": "boolean"
        },
        "write_index": {
            "title": "Write Index",
            "description": "Write index or ignore it",
            "type": "boolean"
        },
        "separator": {
            "title": "Separator",
            "description": "Separator",
            "type": "string"
        },
        "reset_index": {
            "title": "Reset Index",
            "description": "Reset index or indices",
            "type": "boolean"
        },
        "rename": {
            "title": "Rename Columns",
            "description": "Rename columns (map)",
            "type": "string"
        },
        "select_columns": {
            "title": "Select Columns",
            "description": "Select columns.",
            "type": "string"
        },
        "datetime_conversion": {
            "title": "Datetime conversion (YYYY:MM:DD hh:mm:ss)",
            "description": "Converting Datetime columns to format: YYYY:MM:DD hh:mm:ss.",
            "type": "boolean"
        },
        "bool_to_int": {
            "title": "Convert boolean to int",
            "description": "Converting boolean value to integer.",
            "type": "boolean"
        },
        "keyword_args": {
            "title": "Keyword Arguments",
            "description": "Mapping of key-values passed as arguments \"to read_csv\"",
            "type": "string"
        }
    }
}